Code,Date,Open,High,Low,Close,Volume,Accum,Accum 2
AALI,6/2/2020,7400,7625,7300,7350,26952,-2021,-2937
ABBA,6/2/2020,50,50,50,50,4579,-2984,0
ABDA,6/2/2020,5750,5750,5750,5750,5,0,0
ABMM,6/2/2020,1525,1525,1525,1525,1,1,0
ACES,6/2/2020,1560,1560,1475,1475,284543,-51620,-36799
ACST,6/2/2020,244,250,242,248,10234,-1426,0
ADES,6/2/2020,960,970,895,895,2220,973,-9
ADHI,6/2/2020,505,525,500,515,261579,-183494,-78356
ADMF,6/2/2020,6600,6750,6600,6750,2889,493,229
ADMG,6/2/2020,91,96,91,94,19285,-3454,-419
ADRO,6/2/2020,1100,1185,1095,1145,1238237,-121866,-68306
AGAR,6/2/2020,480,480,480,480,3,-3,0
AGII,6/2/2020,408,420,408,420,3623,567,-2
AGRO,6/2/2020,120,127,120,125,198466,29188,-2401
AGRS,6/2/2020,103,112,102,109,463,628,240
AHAP,6/2/2020,56,56,54,54,8,-1,0
AIMS,6/2/2020,180,180,180,180,0,0,0
AISA,6/2/2020,168,168,168,168,0,0,0
AKKU,6/2/2020,50,50,50,50,5,-10,-5
AKPI,6/2/2020,378,380,356,380,21,3,0
AKRA,6/2/2020,2330,2460,2330,2440,204680,20506,17500
AKSI,6/2/2020,117,150,117,141,7438,-818,0
ALDO,6/2/2020,410,440,400,440,23,-19,0
ALKA,6/2/2020,400,400,400,400,0,0,0
ALMI,6/2/2020,202,202,202,202,1,0,0
ALTO,6/2/2020,388,400,388,398,4,0,0
AMAG,6/2/2020,268,268,268,268,0,0,0
AMAN,6/2/2020,190,200,190,194,70,-15,0
AMAR,6/2/2020,200,224,200,216,2586,32,0
AMFG,6/2/2020,3110,3120,3110,3120,155,155,0
AMIN,6/2/2020,400,400,400,400,0,0,0
AMOR,6/2/2020,1985,1990,1955,1990,1017,-276,-244
AMRT,6/2/2020,905,910,885,900,230,-153,-12
ANDI,6/2/2020,50,50,50,50,309,-289,0
ANJT,6/2/2020,412,432,412,424,1342,-1340,0
ANTM,6/2/2020,540,570,535,555,1377546,110462,116646
APEX,6/2/2020,90,98,89,98,5250,-9848,-4927
APIC,6/2/2020,1035,1035,1000,1010,262851,74968,35713
APII,6/2/2020,220,220,220,220,1,-1,0
APLI,6/2/2020,135,139,135,138,355,2,0
APLN,6/2/2020,100,105,98,103,347469,19717,-3705
ARGO,6/2/2020,825,825,825,825,0,0,0
ARII,6/2/2020,680,680,680,680,57,55,-1
ARKA,6/2/2020,1235,1235,1210,1210,6,-5,-1
ARMY,6/2/2020,50,50,50,50,0,0,0
ARNA,6/2/2020,394,394,390,394,2842,-1254,-1706
ARTA,6/2/2020,410,410,410,410,0,0,0
ARTI,6/2/2020,50,50,50,50,0,0,0
ARTO,6/2/2020,900,900,875,880,2248,-536,0
ASBI,6/2/2020,270,336,270,336,412,55,-112
ASDM,6/2/2020,1030,1030,1030,1030,0,0,0
ASGR,6/2/2020,705,725,695,700,1674,-1056,0
ASII,6/2/2020,4760,4950,4630,4730,724259,-51651,58
ASJT,6/2/2020,108,115,106,107,1166,869,0
ASMI,6/2/2020,1095,1100,1080,1095,222,-164,0
ASPI,6/2/2020,488,488,466,468,74158,23655,-5877
ASPI-W,6/2/2020,56,57,52,55,87040,1278,400
ASRI,6/2/2020,109,112,106,110,311696,-153513,-79111
ASRM,6/2/2020,1810,1810,1810,1810,1,-1,0
ASSA,6/2/2020,356,414,356,400,114623,13180,15310
ATIC,6/2/2020,775,825,775,825,117,-10,0
AUTO,6/2/2020,770,805,760,800,23387,-3243,-1246
AYLS,6/2/2020,50,50,50,50,1014,-460,0
AYLS-W,6/2/2020,5,5,4,5,5633,-1763,0
BABP,6/2/2020,50,50,50,50,104,0,0
BABP-W3,6/2/2020,28,28,28,28,6,0,0
BABP-W4,6/2/2020,6,6,5,5,3344,2957,0
BACA,6/2/2020,418,418,406,408,3582,3410,3412
BACA-W2,6/2/2020,100,100,100,100,0,0,0
BAJA,6/2/2020,52,53,51,53,3493,141,0
BALI,6/2/2020,880,930,830,920,7,-1,0
BAPA,6/2/2020,50,50,50,50,2,-2,0
BAPI,6/2/2020,50,50,50,50,19,-38,-19
BAPI-W,6/2/2020,3,3,2,3,187702,105502,-111
BATA,6/2/2020,585,590,585,590,33,0,0
BAYU,6/2/2020,1015,1015,1015,1015,0,0,0
BBCA,6/2/2020,26300,27500,26200,26800,362739,95654,69935
BBHI,6/2/2020,67,70,63,66,1780,390,340
BBKP,6/2/2020,149,154,148,149,296388,-99185,-68842
BBLD,6/2/2020,410,412,410,412,30,0,0
BBMD,6/2/2020,1100,1100,1100,1100,25,0,0
BBNI,6/2/2020,3900,4040,3850,3970,1315822,-352458,-260656
BBRI,6/2/2020,2950,3290,2950,3180,4674608,2269811,1617084
BBRM,6/2/2020,50,50,50,50,0,0,0
BBSS,6/2/2020,162,169,158,162,122553,8963,-171
BBSS-W,6/2/2020,5,6,3,4,969167,43536,0
BBTN,6/2/2020,770,940,760,925,5252108,297289,215722
BBYB,6/2/2020,220,226,220,220,2871,-2591,0
BCAP,6/2/2020,174,174,170,171,1982,95,0
BCIC,6/2/2020,450,450,450,450,0,0,0
BCIP,6/2/2020,50,50,50,50,191,170,0
BDMN,6/2/2020,2450,2520,2440,2500,28731,-7115,-7883
BEEF,6/2/2020,220,222,216,220,18877,-12231,0
BEEF-W,6/2/2020,16,16,15,16,7832,-4631,0
BEKS,6/2/2020,50,50,50,50,4,-8,-4
BELL,6/2/2020,700,700,695,695,22,10,0
BESS,6/2/2020,248,254,242,252,58902,-12308,-4316
BESS-W,6/2/2020,42,42,31,41,258,160,0
BEST,6/2/2020,106,108,104,107,777336,258173,69585
BFIN,6/2/2020,320,322,302,306,2814,-1861,-712
BGTG,6/2/2020,50,50,50,50,10,10,0
BHAT,6/2/2020,384,384,378,384,1139710,-8176,40
BHIT,6/2/2020,50,50,50,50,1680,-439,0
BIKA,6/2/2020,190,200,177,188,134,41,-3
BIMA,6/2/2020,50,50,50,50,3,-1,0
BINA,6/2/2020,1020,1030,975,1015,10872,-1433,0
BIPI,6/2/2020,50,50,50,50,14,12,0
BIPI-W,6/2/2020,7,8,7,8,30503,-5900,-1200
BIPP,6/2/2020,50,50,50,50,2,2,0
BIPP-W2,6/2/2020,1,1,1,1,0,0,0
BIRD,6/2/2020,960,1035,960,1035,31293,18635,7102
BISI,6/2/2020,870,895,870,895,196,52,0
BJBR,6/2/2020,750,785,750,775,110647,12283,10639
BJTM,6/2/2020,488,500,488,490,176894,-17377,-7333
BKDP,6/2/2020,50,50,50,50,3,-2,0
BKSL,6/2/2020,50,50,50,50,10376,-12541,-5336
BKSW,6/2/2020,68,68,62,66,119,45,0
BLTA,6/2/2020,50,50,50,50,0,0,0
BLTZ,6/2/2020,3250,3250,3250,3250,0,0,0
BLUE,6/2/2020,500,510,500,510,1139,535,180
BMAS,6/2/2020,286,290,268,268,325,392,90
BMRI,6/2/2020,4550,4990,4530,4620,1038177,274406,249473
BMSR,6/2/2020,60,60,52,52,210,-81,0
BMTR,6/2/2020,193,197,190,193,233282,-210879,-108447
BNBA,6/2/2020,288,288,286,286,140,100,50
BNBR,6/2/2020,50,50,50,50,2051,-2037,0
BNGA,6/2/2020,650,675,650,675,64063,-8938,-6152
BNII,6/2/2020,150,156,150,154,4251,-585,-2
BNLI,6/2/2020,1275,1285,1275,1275,393369,262151,237689
BOGA,6/2/2020,1575,1670,1565,1595,482184,11925,43506
BOLA,6/2/2020,168,169,161,168,595,-258,0
BOLT,6/2/2020,665,665,665,665,0,0,0
BOSS,6/2/2020,73,92,73,82,532550,-38422,-7928
BPFI,6/2/2020,1185,1185,1185,1185,0,0,0
BPII,6/2/2020,10000,10000,10000,10000,0,0,0
BPTR,6/2/2020,76,80,76,80,98,1,0
BRAM,6/2/2020,4980,4980,4980,4980,0,0,0
BRIS,6/2/2020,300,328,300,320,1222425,-19561,-1686
BRMS,6/2/2020,50,50,50,50,46295,-50059,-46295
BRNA,6/2/2020,1000,1000,1000,1000,300,-300,0
BRPT,6/2/2020,1355,1395,1330,1340,444306,102988,86500
BRPT-W,6/2/2020,980,1090,980,1090,5,0,0
BSDE,6/2/2020,650,695,640,670,1851261,-897822,-608969
BSIM,6/2/2020,470,470,460,470,259,210,-15
BSIM-W3,6/2/2020,14,16,14,16,104,36,0
BSSR,6/2/2020,1225,1225,1150,1210,83,-26,-2
BSWD,6/2/2020,1750,1750,1750,1750,0,0,0
BTEK,6/2/2020,50,50,50,50,1,-2,-1
BTEL,6/2/2020,50,50,50,50,0,0,0
BTON,6/2/2020,149,149,149,149,0,0,0
BTPN,6/2/2020,1860,1885,1855,1875,5732,-1584,-103
BTPS,6/2/2020,2880,3240,2870,3050,530138,21066,19220
BUDI,6/2/2020,88,88,85,87,4521,355,0
BUKK,6/2/2020,875,875,855,870,168,-11,1
BULL,6/2/2020,220,224,216,222,1270252,-1015523,-249399
BULL-W2,6/2/2020,35,36,34,36,3519,-2919,0
BUMI,6/2/2020,50,50,50,50,115920,-110214,635
BUVA,6/2/2020,57,57,57,57,28,-26,0
BVIC,6/2/2020,70,71,69,69,2374,1662,15
BWPT,6/2/2020,80,80,77,77,48890,10805,6090
BYAN,6/2/2020,14450,14450,14450,14450,0,0,0
CAKK,6/2/2020,50,50,50,50,658,-370,0
CAKK-W,6/2/2020,6,10,6,8,27481,3345,49
CAMP,6/2/2020,210,210,204,208,3762,-630,0
CANI,6/2/2020,222,222,222,222,0,0,0
CARE,6/2/2020,310,312,308,312,551828,-4931,-621
CARS,6/2/2020,50,54,50,50,1409573,-798838,-7139
CASA,6/2/2020,364,384,350,350,89,23,-1
CASA-W,6/2/2020,135,135,135,135,0,0,0
CASH,6/2/2020,468,470,460,460,46679,2272,509
CASH-W,6/2/2020,23,24,21,21,85176,-12879,-3
CASS,6/2/2020,188,188,175,175,13613,-12542,-8985
CBMF,6/2/2020,115,124,115,122,9713,-196,0
CCSI,6/2/2020,250,252,246,250,4957,-2960,0
CEKA,6/2/2020,1705,1705,1690,1690,2337,-229,20
CENT,6/2/2020,55,55,53,53,28526,12292,0
CFIN,6/2/2020,183,194,180,180,10918,-16104,-9642
CINT,6/2/2020,268,278,268,276,465,-70,0
CITA,6/2/2020,1750,1750,1750,1750,3,-3,0
CITY,6/2/2020,52,52,51,52,284,-202,0
CITY-W,6/2/2020,12,12,12,12,0,0,0
CKRA,6/2/2020,76,76,76,76,0,0,0
CLAY,6/2/2020,1900,1900,1900,1900,0,0,0
CLEO,6/2/2020,466,470,462,462,65526,-1654,-133
CLPI,6/2/2020,690,690,665,675,247,-11,0
CMNP,6/2/2020,1355,1355,1355,1355,0,0,0
CMPP,6/2/2020,184,184,184,184,0,0,0
CNKO,6/2/2020,50,50,50,50,2,-2,0
CNTB,6/2/2020,250,250,250,250,0,0,0
CNTX,6/2/2020,260,260,260,260,0,0,0
COCO,6/2/2020,830,870,780,780,16,-3,0
COCO-W,6/2/2020,1,404,1,404,3,0,0
COWL,6/2/2020,50,50,50,50,91,50,0
CPIN,6/2/2020,5775,5950,5600,5800,123739,40820,30395
CPRI,6/2/2020,50,50,50,50,50,50,0
CPRI-W,6/2/2020,16,18,16,17,774,-517,0
CPRO,6/2/2020,50,50,50,50,16,0,0
CSAP,6/2/2020,330,350,330,350,4,0,0
CSIS,6/2/2020,50,50,50,50,112,11,0
CSMI,6/2/2020,180,195,180,195,1261,371,0
CSRA,6/2/2020,252,254,250,252,878,-191,60
CTBN,6/2/2020,2450,2450,2450,2450,0,0,0
CTRA,6/2/2020,585,615,580,605,341014,211406,166519
CTTH,6/2/2020,50,50,50,50,73,-31,0
DADA,6/2/2020,172,172,165,166,199360,21634,4774
DADA-W,6/2/2020,4,4,3,4,36513,5769,-2099
DART,6/2/2020,292,292,292,292,1,0,0
DAYA,6/2/2020,560,560,560,560,0,0,0
DEAL,6/2/2020,87,90,83,85,71901,6868,-230
DEAL-W,6/2/2020,25,25,25,25,0,0,0
DEFI,6/2/2020,1820,1825,1820,1825,35,18,0
DEWA,6/2/2020,50,50,50,50,9,0,0
DFAM,6/2/2020,380,398,372,372,383,220,0
DFAM-W,6/2/2020,50,50,50,50,0,0,0
DGIK,6/2/2020,50,50,50,50,2,-2,0
DIGI,6/2/2020,1700,1700,1700,1700,0,0,0
DILD,6/2/2020,212,214,210,214,3392,-235,-71
DIVA,6/2/2020,950,1155,950,1145,10935,-700,-36
DKFT,6/2/2020,92,93,90,92,16714,-317,1
DLTA,6/2/2020,4340,4400,4300,4320,204,90,0
DMAS,6/2/2020,142,149,140,145,1068358,-190880,-14283
DMMX,6/2/2020,93,97,86,90,195452,-10851,-20
DMND,6/2/2020,960,970,960,970,100,14,-4
DNAR,6/2/2020,140,140,140,140,1,0,0
DNET,6/2/2020,3500,3540,3500,3500,29,-24,-22
DOID,6/2/2020,129,133,126,130,215050,52052,-8040
DPNS,6/2/2020,218,218,218,218,1,0,0
DPUM,6/2/2020,90,90,84,84,79,-20,0
DSFI,6/2/2020,68,73,68,71,1189,234,17
DSNG,6/2/2020,312,316,310,314,6197,-2576,-402
DSSA,6/2/2020,19525,19525,19525,19525,0,0,0
DUCK,6/2/2020,474,570,472,540,8695,758,-150
DUTI,6/2/2020,4740,4740,4740,4740,0,0,0
DVLA,6/2/2020,2190,2210,2180,2180,110,30,-1
DWGL,6/2/2020,246,246,246,246,0,0,0
DWGL-W,6/2/2020,21,25,21,25,18,-1,0
DYAN,6/2/2020,51,51,50,51,21194,-7717,160
EAST,6/2/2020,51,53,51,52,20019,8840,0
EAST-W,6/2/2020,6,6,5,6,35057,-9214,0
ECII,6/2/2020,665,665,665,665,150,1,0
EKAD,6/2/2020,930,950,920,950,2451,46,-383
ELSA,6/2/2020,202,204,197,202,441241,-74775,-18221
ELTY,6/2/2020,50,50,50,50,207,200,0
EMDE,6/2/2020,197,197,197,197,0,0,0
EMTK,6/2/2020,5000,5000,5000,5000,100,0,0
ENRG,6/2/2020,50,50,50,50,50496,10014,0
ENVY,6/2/2020,86,95,85,86,914163,22480,13177
EPMT,6/2/2020,1725,1770,1720,1730,22,-5,5
ERAA,6/2/2020,1260,1295,1250,1260,148700,-3019,-12311
ERTX,6/2/2020,126,126,126,126,0,0,0
ESIP,6/2/2020,160,167,160,164,18594,-2935,0
ESIP-W,6/2/2020,7,9,6,8,88149,-6563,0
ESSA,6/2/2020,150,150,148,149,5977,-3403,-829
ESTA,6/2/2020,100,100,87,93,3027,229,0
ESTI,6/2/2020,50,50,50,50,2,2,0
ETWA,6/2/2020,65,74,64,73,2707,4602,2519
EXCL,6/2/2020,2590,2650,2530,2570,157227,-12941,-9662
FAST,6/2/2020,955,960,900,925,7090,-10599,-6628
FASW,6/2/2020,6850,6850,6850,6850,0,0,0
FILM,6/2/2020,188,188,179,185,139335,-103734,-105000
FINN,6/2/2020,50,50,50,50,0,0,0
FIRE,6/2/2020,116,122,116,117,28067,-11859,-6859
FIRE-W,6/2/2020,97,97,97,97,1,0,0
FISH,6/2/2020,2800,2800,2800,2800,0,0,0
FITT,6/2/2020,61,61,52,55,52,5,0
FITT-W,6/2/2020,14,44,14,16,928,-357,0
FMII,6/2/2020,680,680,680,680,0,0,0
FOOD,6/2/2020,82,85,82,85,447,113,-15
FORU,6/2/2020,82,82,80,80,12,-11,0
FORZ,6/2/2020,50,50,50,50,118,-2,0
FPNI,6/2/2020,90,93,90,91,3439,-551,223
FREN,6/2/2020,97,98,95,96,288590,-6475,-11712
FREN-W,6/2/2020,25,25,24,24,17762,-2498,0
FUJI,6/2/2020,103,108,102,108,501,443,-1
GAMA,6/2/2020,50,50,50,50,1,0,0
GDST,6/2/2020,54,54,52,52,1032,266,0
GDYR,6/2/2020,1570,1570,1570,1570,0,0,0
GEMA,6/2/2020,364,364,364,364,0,0,0
GEMS,6/2/2020,2550,2550,2550,2550,0,0,0
GGRM,6/2/2020,48675,48750,47500,47500,24048,-5179,-4677
GGRP,6/2/2020,284,286,266,282,430,193,-6
GHON,6/2/2020,1550,1750,1550,1750,40,-12,0
GIAA,6/2/2020,242,254,238,250,1020896,66539,-22553
GJTL,6/2/2020,358,366,354,364,38417,-9244,-6591
GLOB,6/2/2020,220,222,220,220,450,415,0
GLVA,6/2/2020,228,228,220,228,771,-302,176
GMFI,6/2/2020,78,81,77,79,105836,-34276,-504
GMTD,6/2/2020,17000,17000,17000,17000,0,0,0
GOLD,6/2/2020,181,181,181,181,0,0,0
GOLL,6/2/2020,50,50,50,50,0,0,0
GOOD,6/2/2020,1260,1285,1260,1285,3212,453,-7
GPRA,6/2/2020,50,52,50,50,17107,6684,-1
GREN,6/2/2020,328,328,328,328,0,0,0
GSMF,6/2/2020,111,111,106,111,4,1,0
GTBO,6/2/2020,75,78,75,78,193,115,0
GWSA,6/2/2020,82,83,79,83,2842,-5580,-2746
GZCO,6/2/2020,50,50,50,50,202,-2,0
HADE,6/2/2020,50,50,50,50,7,5,5
HDFA,6/2/2020,160,160,160,160,0,0,0
HDIT,6/2/2020,525,525,525,525,0,0,0
HDTX,6/2/2020,120,120,120,120,0,0,0
HEAL,6/2/2020,3150,3210,3150,3200,4091,5109,2432
HELI,6/2/2020,198,220,180,195,993,243,0
HELI-W,6/2/2020,8,9,7,9,957,221,0
HERO,6/2/2020,950,950,845,890,44,-64,-37
HEXA,6/2/2020,2890,3090,2890,3010,2093,-786,-412
HITS,6/2/2020,535,545,530,530,301,200,0
HKMU,6/2/2020,63,68,60,67,564197,109982,-30332
HMSP,6/2/2020,1840,1895,1820,1845,728946,25499,42969
HOKI,6/2/2020,680,695,675,690,221717,-14145,-3162
HOKI-W,6/2/2020,412,434,412,418,107,29,0
HOME,6/2/2020,50,50,50,50,0,0,0
HOTL,6/2/2020,77,77,74,74,26,-24,0
HRME,6/2/2020,140,140,140,140,16369,-5266,0
HRTA,6/2/2020,232,242,226,240,777,-133,0
HRUM,6/2/2020,1225,1240,1215,1240,707,90,-84
IATA,6/2/2020,50,50,50,50,0,0,0
IBFN,6/2/2020,320,320,320,320,0,0,0
IBFN-W,6/2/2020,8,8,8,8,5,1,0
IBST,6/2/2020,8200,8200,8200,8200,0,0,0
ICBP,6/2/2020,8250,8550,8250,8475,399904,-49312,-50856
ICON,6/2/2020,54,54,53,53,11,-2,0
IDPR,6/2/2020,123,126,120,124,2794,-160,0
IFII,6/2/2020,143,144,142,143,1273,132,-88
IFSH,6/2/2020,256,256,256,256,0,0,0
IGAR,6/2/2020,234,242,232,240,1625,-39,0
IIKP,6/2/2020,50,50,50,50,0,0,0
IKAI,6/2/2020,50,50,50,50,5,5,0
IKAN,6/2/2020,440,454,418,422,60473,8128,-5
IKBI,6/2/2020,260,260,242,256,11,-2,0
IMAS,6/2/2020,505,505,498,500,15139,-8350,-6300
IMJS,6/2/2020,130,134,130,131,9524,4919,255
IMPC,6/2/2020,1115,1130,1105,1130,6357,-2140,-782
INAF,6/2/2020,1000,1035,1000,1010,10852,-5163,-943
INAI,6/2/2020,352,366,352,366,101,0,0
INCF,6/2/2020,50,50,50,50,230,20,0
INCI,6/2/2020,372,396,346,396,659,69,5
INCO,6/2/2020,2800,2990,2800,2930,181683,-20272,-16506
INDF,6/2/2020,5800,6175,5800,6025,353467,38365,21977
INDO,6/2/2020,75,88,75,77,4605,-37,0
INDO-W,6/2/2020,27,29,22,22,8667,-5567,-59
INDR,6/2/2020,2270,2340,2200,2320,540,385,0
INDS,6/2/2020,1915,1915,1915,1915,51,69,50
INDX,6/2/2020,50,50,50,50,87,5,0
INDY,6/2/2020,650,675,640,650,189022,-123440,-86138
INKP,6/2/2020,5250,5900,5200,5750,107763,36723,27448
INOV,6/2/2020,300,300,298,300,44,-31,0
INPC,6/2/2020,51,51,50,50,547,-117,0
INPC-W,6/2/2020,3,4,3,3,381,260,0
INPP,6/2/2020,705,730,675,705,263,-31,0
INPS,6/2/2020,3230,3250,3100,3180,3129,-992,0
INRU,6/2/2020,850,850,850,850,0,0,0
INTA,6/2/2020,258,258,258,258,0,0,0
INTA-W,6/2/2020,10,10,5,7,686,-501,-250
INTD,6/2/2020,232,232,232,232,0,0,0
INTP,6/2/2020,12325,14250,12325,13500,82464,18532,11514
IPCC,6/2/2020,318,350,318,340,26239,3040,60
IPCM,6/2/2020,180,185,177,177,469,108,-5
IPOL,6/2/2020,64,65,64,65,3,-1,-1
IPTV,6/2/2020,382,382,378,382,278263,2657,25
IPTV-W,6/2/2020,93,96,91,94,3595,-537,0
IRRA,6/2/2020,545,550,545,545,55772,-604,99
ISAT,6/2/2020,2020,2090,2020,2070,61585,-23556,-13158
ISSP,6/2/2020,122,124,118,121,37900,4411,350
ITIC,6/2/2020,1845,1905,1835,1905,3192,432,-29
ITMA,6/2/2020,410,410,410,410,0,0,0
ITMA-W,6/2/2020,45,45,45,45,0,0,0
ITMG,6/2/2020,8250,8500,8200,8475,39818,-10639,-8334
JAST,6/2/2020,103,110,98,104,132576,5665,225
JAWA,6/2/2020,79,79,65,67,74,1,0
JAYA,6/2/2020,58,62,58,61,5118,2653,0
JAYA-W,6/2/2020,11,11,10,11,1001,-500,0
JECC,6/2/2020,6950,6950,6950,6950,0,0,0
JGLE,6/2/2020,50,50,50,50,0,0,0
JIHD,6/2/2020,456,456,456,456,1,1,0
JKON,6/2/2020,420,420,420,420,0,0,0
JKSW,6/2/2020,60,60,60,60,0,0,0
JMAS,6/2/2020,199,210,186,195,374,33,0
JPFA,6/2/2020,905,980,900,980,1368648,-335616,-365235
JRPT,6/2/2020,424,424,414,416,4606,-3030,-1395
JSKY,6/2/2020,79,82,79,79,105311,-2596,254
JSMR,6/2/2020,3620,3840,3590,3820,588423,-158886,-166668
JSPT,6/2/2020,990,990,990,990,0,0,0
JTPE,6/2/2020,755,765,750,750,4269,-1025,-339
KAEF,6/2/2020,1160,1180,1160,1180,31556,-270,-784
KARW,6/2/2020,51,51,50,50,71,-58,0
KAYU,6/2/2020,50,51,50,50,2482,-1,0
KBAG,6/2/2020,294,296,290,294,221586,9166,2650
KBAG-W,6/2/2020,60,71,60,67,295,0,0
KBLI,6/2/2020,388,390,380,388,17098,-5862,35
KBLM,6/2/2020,300,300,288,290,41,-30,-13
KBLV,6/2/2020,320,320,308,308,7,-4,0
KBRI,6/2/2020,50,50,50,50,0,0,0
KDSI,6/2/2020,850,850,795,795,71,-27,0
KEEN,6/2/2020,268,280,262,274,27066,-1538,0
KEJU,6/2/2020,870,870,815,860,1073,188,1
KIAS,6/2/2020,50,50,50,50,73,-21,0
KICI,6/2/2020,208,208,202,202,54,38,0
KIJA,6/2/2020,140,149,140,146,28161,-23832,-15988
KINO,6/2/2020,2660,2760,2630,2660,23751,-1766,-1028
KIOS,6/2/2020,165,165,165,165,1,1,0
KIOS-W,6/2/2020,27,27,27,27,0,0,0
KJEN,6/2/2020,1100,1100,1100,1100,3,1,0
KKGI,6/2/2020,208,210,194,200,86,0,-8
KLBF,6/2/2020,1365,1425,1320,1385,635067,-83469,-84116
KMTR,6/2/2020,232,246,230,240,83,54,0
KOBX,6/2/2020,91,91,89,91,391,153,0
KOIN,6/2/2020,100,100,100,100,2,2,0
KONI,6/2/2020,426,428,426,428,39,0,0
KOPI,6/2/2020,555,560,555,560,351,224,-1
KOTA,6/2/2020,690,720,660,660,73025,901,545
KOTA-W,6/2/2020,450,450,420,420,583,-550,0
KPAL,6/2/2020,54,58,54,55,33623,-5735,-84
KPAS,6/2/2020,50,51,50,50,5268,2007,2
KPAS-W,6/2/2020,11,12,11,12,41,-1,0
KPIG,6/2/2020,114,114,112,114,6068,-9456,-4417
KRAH,6/2/2020,560,560,498,498,301,-181,-40
KRAS,6/2/2020,196,202,192,192,1240152,-245500,-86367
KREN,6/2/2020,71,79,71,77,1453550,-822237,-543650
LAND,6/2/2020,312,312,296,296,369,-322,8
LAPD,6/2/2020,50,50,50,50,0,0,0
LCGP,6/2/2020,114,114,114,114,0,0,0
LCKM,6/2/2020,354,356,352,356,694,-204,0
LEAD,6/2/2020,50,50,50,50,7,-7,0
LIFE,6/2/2020,4950,4950,4950,4950,0,0,0
LINK,6/2/2020,2440,2520,2430,2510,5640,5,-183
LION,6/2/2020,234,234,224,234,8505,490,0
LMAS,6/2/2020,50,50,50,50,1012,1000,0
LMPI,6/2/2020,88,88,88,88,0,0,0
LMSH,6/2/2020,242,250,242,250,21,21,0
LPCK,6/2/2020,710,750,705,730,6138,3070,-401
LPGI,6/2/2020,3970,3970,3970,3970,1,0,0
LPIN,6/2/2020,220,220,210,210,68,-52,0
LPKR,6/2/2020,184,186,176,179,295711,48893,22972
LPLI,6/2/2020,78,78,77,78,11,4,0
LPPF,6/2/2020,1495,1540,1450,1485,221038,-16318,-19856
LPPS,6/2/2020,73,73,70,70,898,878,0
LRNA,6/2/2020,148,148,148,148,0,0,0
LSIP,6/2/2020,690,740,690,735,270728,-252,13725
LTLS,6/2/2020,410,426,410,422,908,1168,637
LUCK,6/2/2020,318,330,310,310,2525,9,0
MABA,6/2/2020,50,50,50,50,0,0,0
MAGP,6/2/2020,50,50,50,50,8,0,0
MAIN,6/2/2020,505,535,505,530,142590,-4147,7099
MAMI,6/2/2020,50,50,50,50,107,-213,-107
MAMI-W,6/2/2020,6,6,4,5,6819,-1210,0
MAMIP,6/2/2020,600,600,600,600,0,0,0
MAPA,6/2/2020,2400,2400,2340,2370,27609,-7422,-7144
MAPB,6/2/2020,1500,1500,1500,1500,4,3,0
MAPI,6/2/2020,725,735,705,725,351035,87423,94758
MARI,6/2/2020,135,136,133,136,211,300,200
MARK,6/2/2020,565,580,535,540,47607,-4800,7319
MASA,6/2/2020,376,378,376,378,11,-5,0
MAYA,6/2/2020,6500,6500,6500,6500,0,0,0
MBAP,6/2/2020,1600,1620,1600,1620,18,-1,0
MBSS,6/2/2020,306,308,304,306,6599,-1706,70
MBTO,6/2/2020,59,73,56,70,914,-66,0
MCAS,6/2/2020,965,1030,940,965,48230,-12553,-13049
MCOR,6/2/2020,118,120,116,118,14078,-1469,935
MDIA,6/2/2020,50,50,50,50,1,-2,-1
MDKA,6/2/2020,1325,1355,1310,1350,809512,233795,118321
MDKI,6/2/2020,121,137,121,132,858,193,200
MDLN,6/2/2020,61,69,61,67,1291733,-160248,-101094
MDRN,6/2/2020,50,50,50,50,1007,-7,0
MEDC,6/2/2020,452,462,440,450,966093,-17622,6429
MEDC-W,6/2/2020,40,43,38,41,58020,-7998,2805
MEGA,6/2/2020,6500,6500,6500,6500,0,0,0
MERK,6/2/2020,2190,2210,2160,2210,235,140,0
META,6/2/2020,95,96,95,95,684,331,0
MFIN,6/2/2020,835,835,820,825,266,50,-57
MFMI,6/2/2020,510,550,474,484,50,-31,0
MGNA,6/2/2020,50,50,50,50,0,0,0
MGRO,6/2/2020,675,700,675,695,28900,4475,-464
MICE,6/2/2020,300,300,290,290,141,81,0
MIDI,6/2/2020,1435,1435,1435,1435,1,-1,0
MIKA,6/2/2020,2370,2550,2270,2540,24011,13899,9298
MINA,6/2/2020,50,50,50,50,29,-2,0
MIRA,6/2/2020,50,50,50,50,1,0,0
MITI,6/2/2020,51,51,51,51,0,0,0
MKNT,6/2/2020,50,50,50,50,100,100,0
MKPI,6/2/2020,15850,15850,15850,15850,0,0,0
MLBI,6/2/2020,9950,10000,9950,9975,1003,-483,-270
MLIA,6/2/2020,500,530,500,530,82646,9524,60
MLPL,6/2/2020,50,54,50,52,85010,29641,7272
MLPT,6/2/2020,540,590,535,565,6046,-2364,-1621
MMLP,6/2/2020,143,143,141,141,2688,1686,-94
MNCN,6/2/2020,860,900,860,885,698083,26054,-18398
MOLI,6/2/2020,1060,1135,1050,1135,1296,92,-264
MPMX,6/2/2020,595,595,595,595,10979,2861,1
MPOW,6/2/2020,59,60,56,60,851,-24,0
MPPA,6/2/2020,113,114,110,113,13813,8578,6844
MPRO,6/2/2020,850,850,850,850,5,-5,0
MRAT,6/2/2020,131,131,125,126,322,-70,0
MREI,6/2/2020,6950,6950,6950,6950,0,0,0
MSIN,6/2/2020,308,308,300,304,1943,-1227,-60
MSKY,6/2/2020,1000,1045,1000,1045,37,13,0
MTDL,6/2/2020,1305,1400,1305,1400,11203,-6217,-4551
MTFN,6/2/2020,50,50,50,50,0,0,0
MTLA,6/2/2020,400,400,400,400,0,0,0
MTPS,6/2/2020,134,145,131,136,5742,-4014,0
MTRA,6/2/2020,244,244,244,244,0,0,0
MTSM,6/2/2020,147,147,147,147,1,0,0
MTWI,6/2/2020,51,51,51,51,2,-3,-2
MYOH,6/2/2020,875,900,860,900,1943,-2052,-1819
MYOR,6/2/2020,2200,2340,2200,2320,108250,97085,45824
MYRX,6/2/2020,50,50,50,50,0,0,0
MYRXP,6/2/2020,50,50,50,50,0,0,0
MYTX,6/2/2020,50,50,50,50,514,-13,0
NASA,6/2/2020,220,220,206,206,341,-47,91
NASA-W,6/2/2020,5,5,5,5,0,0,0
NATO,6/2/2020,500,500,498,498,17051,7218,8550
NATO-W,6/2/2020,200,200,200,200,0,0,0
NELY,6/2/2020,140,142,140,142,24,0,0
NFCX,6/2/2020,1200,1200,1150,1160,15659,-5350,-5334
NICK,6/2/2020,300,318,300,318,103,101,0
NIKL,6/2/2020,410,412,406,408,5211,1449,-10
NIPS,6/2/2020,282,282,282,282,0,0,0
NIRO,6/2/2020,153,153,140,142,33,2,0
NISP,6/2/2020,695,715,695,700,556,217,0
NOBU,6/2/2020,635,635,635,635,0,0,0
NRCA,6/2/2020,332,338,332,336,12604,-9100,-10523
NUSA,6/2/2020,50,50,50,50,0,0,0
NUSA-W,6/2/2020,2,2,1,2,26848,-4561,100
NZIA,6/2/2020,148,148,129,137,26,-2,-1
NZIA-W,6/2/2020,14,16,13,16,565,-286,0
OASA,6/2/2020,340,340,340,340,30001,0,0
OCAP,6/2/2020,140,140,140,140,1,-1,0
OKAS,6/2/2020,76,77,73,75,25883,-2816,0
OMRE,6/2/2020,338,338,338,338,0,0,0
OPMS,6/2/2020,96,97,95,96,4629,1751,0
PADI,6/2/2020,50,50,50,50,2,1,0
PALM,6/2/2020,220,220,187,187,10127,-302,0
PAMG,6/2/2020,68,68,65,66,20301,2439,-49
PANI,6/2/2020,72,76,70,70,58,-30,0
PANR,6/2/2020,94,94,87,90,56946,27815,20370
PANS,6/2/2020,765,895,765,855,4682,-911,-530
PBID,6/2/2020,900,975,900,910,731,540,285
PBRX,6/2/2020,264,270,252,252,2439,-974,-470
PBSA,6/2/2020,750,750,750,750,0,0,0
PCAR,6/2/2020,204,218,204,218,2,0,0
PDES,6/2/2020,410,510,410,420,6,-2,-1
PEGE,6/2/2020,170,170,164,164,44,-43,0
PEHA,6/2/2020,1010,1010,990,1010,69,-30,-19
PGAS,6/2/2020,860,925,860,885,2444292,-23,14612
PGJO,6/2/2020,90,91,84,91,459,4,0
PGLI,6/2/2020,298,310,296,300,102,117,100
PICO,6/2/2020,162,165,158,163,1206,90,0
PJAA,6/2/2020,470,540,470,535,5788,68,0
PKPK,6/2/2020,50,50,50,50,0,0,0
PLAS,6/2/2020,50,50,50,50,0,0,0
PLIN,6/2/2020,2200,2200,2120,2180,265,-112,0
PMJS,6/2/2020,126,131,126,127,2559,2233,0
PNBN,6/2/2020,750,765,735,740,30012,-13284,-10848
PNBS,6/2/2020,50,50,50,50,383,-383,0
PNIN,6/2/2020,815,815,795,810,1749,1708,1500
PNLF,6/2/2020,169,177,167,175,173637,-82622,-31941
PNSE,6/2/2020,570,570,570,570,0,0,0
POLA,6/2/2020,55,59,54,56,2244,-80,0
POLA-W,6/2/2020,17,17,17,17,0,0,0
POLI,6/2/2020,990,990,980,980,163,81,0
POLL,6/2/2020,7825,8200,7300,7850,285,43,31
POLU,6/2/2020,700,700,700,700,6,-1,0
POLY,6/2/2020,50,50,50,50,500,-500,0
POOL,6/2/2020,50,50,50,50,311,-208,0
PORT,6/2/2020,640,640,640,640,0,0,0
POSA,6/2/2020,50,50,50,50,93,86,0
POSA-W,6/2/2020,3,3,2,3,95336,85876,43873
POWR,6/2/2020,600,660,600,640,43997,-50218,-24415
PPRE,6/2/2020,196,204,195,204,237498,-13345,0
PPRO,6/2/2020,50,50,50,50,66095,-52625,-26788
PRAS,6/2/2020,140,159,140,159,153,-32,0
PRDA,6/2/2020,3130,3140,3120,3130,219,-30,-76
PRIM,6/2/2020,280,302,280,280,36,24,0
PRIM-W,6/2/2020,6,7,5,6,4476,-1000,0
PSAB,6/2/2020,190,192,188,190,94262,428,-1
PSDN,6/2/2020,114,114,114,114,18,-10,0
PSGO,6/2/2020,103,109,103,107,346,-131,0
PSKT,6/2/2020,50,50,50,50,2,0,0
PSSI,6/2/2020,140,147,140,146,1080,-309,0
PTBA,6/2/2020,1975,2100,1970,2080,1255644,-226842,-192244
PTIS,6/2/2020,177,216,177,194,201,-27,0
PTPP,6/2/2020,735,755,730,740,447627,24978,15454
PTPW,6/2/2020,815,860,810,850,50197,6730,1956
PTRO,6/2/2020,1225,1245,1220,1245,8166,187,2
PTSN,6/2/2020,161,164,160,161,43320,-25508,-19955
PTSP,6/2/2020,3620,3620,3620,3620,1,0,0
PUDP,6/2/2020,220,220,220,220,0,0,0
PURA,6/2/2020,75,77,73,77,344504,-48087,-3478
PURA-W,6/2/2020,4,5,3,4,261971,-6893,-1521
PURE,6/2/2020,91,93,89,90,41065,3344,173
PURE-W,6/2/2020,15,15,13,13,9269,-5923,-44
PWON,6/2/2020,370,388,364,384,4393278,247343,148868
PYFA,6/2/2020,464,500,464,496,9699,-1139,300
PZZA,6/2/2020,750,750,705,725,2792,626,-66
R-ABFII,6/2/2020,28600,28600,28600,28600,0,0,0
R-LQ45X,6/2/2020,764,802,764,798,234,26,0
RAJA,6/2/2020,95,97,92,95,34965,-159,-33
RALS,6/2/2020,570,630,570,610,314146,-101475,-77644
RANC,6/2/2020,322,340,320,322,446,-580,-300
RBMS,6/2/2020,50,50,50,50,171,-322,-171
RDTX,6/2/2020,4560,4560,4560,4560,0,0,0
REAL,6/2/2020,54,54,52,53,190549,-3529,-600
REAL-W,6/2/2020,7,7,6,7,42196,24995,0
RELI,6/2/2020,288,288,288,288,0,0,0
RICY,6/2/2020,99,99,98,99,253,-130,0
RIGS,6/2/2020,194,194,194,194,112,109,0
RIMO,6/2/2020,50,50,50,50,0,0,0
RISE,6/2/2020,426,426,414,426,4121,434,-21
RMBA,6/2/2020,248,272,236,236,86,-68,0
RODA,6/2/2020,50,50,50,50,33,-33,0
RONY,6/2/2020,166,167,165,166,302,118,0
ROTI,6/2/2020,1270,1275,1250,1275,1107,389,-51
RUIS,6/2/2020,170,170,170,170,300,0,0
SAFE,6/2/2020,192,197,192,196,2871,-942,0
SAME,6/2/2020,108,138,103,112,197458,192691,0
SAMF,6/2/2020,410,414,410,412,4856,-230,0
SAPX,6/2/2020,1460,1460,1460,1460,0,0,0
SATU,6/2/2020,50,50,50,50,42,0,0
SBAT,6/2/2020,106,107,103,106,103008,3432,1975
SBAT-W,6/2/2020,6,6,4,5,36885,2872,5010
SCCO,6/2/2020,9225,9225,9225,9225,0,0,0
SCMA,6/2/2020,1000,1000,960,965,348955,2604,908
SCPI,6/2/2020,29000,29000,29000,29000,0,0,0
SDMU,6/2/2020,50,50,50,50,0,0,0
SDPC,6/2/2020,95,95,91,93,159,5,-47
SDRA,6/2/2020,860,900,840,870,426,12,0
SFAN,6/2/2020,640,640,615,615,201,-392,-200
SFAN-W,6/2/2020,246,246,246,246,120,-240,-120
SGRO,6/2/2020,2340,2340,2300,2320,1863,1447,-128
SHID,6/2/2020,3500,3500,3500,3500,0,0,0
SHIP,6/2/2020,560,575,525,525,4218,265,2
SIDO,6/2/2020,1225,1250,1215,1240,33032,15082,9992
SILO,6/2/2020,5300,5600,5100,5125,660,201,48
SIMA,6/2/2020,50,50,50,50,0,0,0
SIMP,6/2/2020,204,210,204,204,87831,-684,1800
SINI,6/2/2020,745,775,745,775,78,5,0
SINI-W,6/2/2020,390,490,390,488,25,-1,0
SIPD,6/2/2020,1200,1300,1200,1300,176,172,0
SKBM,6/2/2020,370,370,370,370,1,1,0
SKLT,6/2/2020,1610,1610,1610,1610,0,0,0
SKRN,6/2/2020,575,575,575,575,1790,-74,0
SKYB,6/2/2020,51,51,51,51,0,0,0
SLIS,6/2/2020,5150,5300,5150,5275,1615,12,0
SMAR,6/2/2020,2800,2800,2780,2780,52,4,6
SMBR,6/2/2020,290,296,284,288,120961,17215,875
SMCB,6/2/2020,1000,1015,995,1010,1745,-124,0
SMDM,6/2/2020,108,108,92,92,253,-251,-1
SMDR,6/2/2020,143,144,140,144,4461,-1553,0
SMGR,6/2/2020,9900,9900,9700,9725,70208,58842,32520
SMKL,6/2/2020,180,180,180,180,34,-34,0
SMKL-W,6/2/2020,15,16,15,16,14,0,0
SMMA,6/2/2020,12250,12250,12250,12250,0,0,0
SMMT,6/2/2020,83,83,83,83,136,9,0
SMRA,6/2/2020,464,484,462,478,390331,1682,36345
SMRU,6/2/2020,50,50,50,50,0,0,0
SMSM,6/2/2020,1100,1140,1100,1140,27438,-3318,-1646
SOCI,6/2/2020,130,134,126,128,132819,-18885,-14775
SONA,6/2/2020,5000,5000,5000,5000,0,0,0
SOSS,6/2/2020,376,400,376,396,89,-5,0
SOSS-W,6/2/2020,41,65,41,60,119,0,0
SOTS,6/2/2020,218,218,208,208,2,2,0
SOTS-W,6/2/2020,43,43,43,43,0,0,0
SPMA,6/2/2020,280,280,268,268,46,35,-1
SPTO,6/2/2020,480,480,478,480,4646,-8832,-4447
SQMI,6/2/2020,188,188,180,185,10348,-1900,0
SRAJ,6/2/2020,135,142,133,136,1844,534,78
SRIL,6/2/2020,144,154,144,152,462997,-96255,-47932
SRSN,6/2/2020,53,55,53,54,28165,-8979,-30
SRTG,6/2/2020,2820,2850,2770,2850,1303,-1219,-503
SSIA,6/2/2020,312,330,308,320,645135,-12260,-1512
SSMS,6/2/2020,835,860,810,835,11439,-3356,-2390
SSTM,6/2/2020,615,615,615,615,0,0,0
STAR,6/2/2020,138,138,138,138,100,0,0
STTP,6/2/2020,8300,8300,7725,7725,375,343,0
SUGI,6/2/2020,50,50,50,50,0,0,0
SULI,6/2/2020,50,50,50,50,100,-100,0
SUPR,6/2/2020,4000,4000,4000,4000,0,0,0
SURE,6/2/2020,2890,2890,2890,2890,11,-11,0
SWAT,6/2/2020,95,95,93,93,22643,-1602,0
TALF,6/2/2020,266,266,266,266,1,2,1
TAMA,6/2/2020,165,166,160,165,134,41,0
TAMA-W,6/2/2020,7,7,6,7,2371,-4,0
TAMU,6/2/2020,62,62,62,62,0,0,0
TARA,6/2/2020,198,198,198,198,0,0,0
TAXI,6/2/2020,50,50,50,50,0,0,0
TBIG,6/2/2020,1060,1060,1025,1055,255043,20630,37543
TBLA,6/2/2020,510,520,498,515,49763,-18012,-6031
TBMS,6/2/2020,630,650,590,650,72,5,0
TCID,6/2/2020,7625,7875,7625,7875,6,0,0
TCPI,6/2/2020,5200,5300,4980,5025,99644,-26869,-46
TDPM,6/2/2020,89,90,86,88,76085,-17168,-14276
TEBE,6/2/2020,1610,1610,1570,1570,395,-334,0
TELE,6/2/2020,118,121,115,116,428253,-94012,-23563
TFAS,6/2/2020,156,156,147,148,593,-289,0
TFCO,6/2/2020,450,450,432,432,23,13,0
TGKA,6/2/2020,6000,6275,6000,6275,2,-1,0
TGRA,6/2/2020,72,72,69,72,7852,-1545,-650
TIFA,6/2/2020,200,200,200,200,0,0,0
TINS,6/2/2020,450,468,446,458,483937,-127719,-101285
TIRA,6/2/2020,278,278,278,278,0,0,0
TIRT,6/2/2020,54,55,54,55,183,0,0
TKIM,6/2/2020,3900,4280,3770,4260,878900,-387550,-251793
TLKM,6/2/2020,3160,3270,3120,3250,1747906,176730,99351
TMAS,6/2/2020,91,98,90,93,17028,3415,0
TMPO,6/2/2020,120,150,119,148,526,1,0
TNCA,6/2/2020,222,224,222,224,8,-5,0
TOBA,6/2/2020,338,338,338,338,134,52,0
TOPS,6/2/2020,50,50,50,50,116,-119,-110
TOTL,6/2/2020,274,278,272,276,31350,-25078,-14922
TOTO,6/2/2020,212,228,208,208,6536,1072,2
TOWR,6/2/2020,955,1005,945,970,698289,-383446,-269065
TPIA,6/2/2020,7350,7450,7300,7400,36755,5891,3091
TPMA,6/2/2020,226,226,226,226,0,0,0
TRAM,6/2/2020,50,50,50,50,0,0,0
TRAM-W,6/2/2020,11,11,11,11,0,0,0
TRIL,6/2/2020,50,50,50,50,0,0,0
TRIM,6/2/2020,122,129,122,129,19,12,0
TRIN,6/2/2020,278,288,264,278,154999,-18249,823
TRIN-W,6/2/2020,26,27,24,25,1406,347,0
TRIO,6/2/2020,426,426,426,426,0,0,0
TRIS,6/2/2020,226,226,226,226,44,34,0
TRIS-W,6/2/2020,1,1,1,1,0,0,0
TRST,6/2/2020,366,366,366,366,30,0,0
TRUK,6/2/2020,101,105,100,104,22433,-15612,-3040
TRUS,6/2/2020,350,350,350,350,0,0,0
TSPC,6/2/2020,1210,1210,1175,1200,615,242,238
TUGU,6/2/2020,2700,2820,2680,2820,107,-101,0
TURI,6/2/2020,1410,1410,1410,1410,7,-3,0
UCID,6/2/2020,1560,1560,1520,1550,5810,-1656,-1078
ULTJ,6/2/2020,1530,1590,1500,1565,4494,2773,2013
UNIC,6/2/2020,3100,3100,3050,3050,2,-2,0
UNIT,6/2/2020,141,169,141,144,24,-2,0
UNSP,6/2/2020,50,52,50,50,2647,-1065,0
UNTR,6/2/2020,15600,16575,15500,16375,65692,21467,13726
UNVR,6/2/2020,7850,8200,7800,8100,277807,74236,67805
URBN,6/2/2020,1670,1675,1665,1675,505,247,-1
URBN-W,6/2/2020,17,17,16,17,532,373,0
VICO,6/2/2020,108,108,108,108,26703,1044,9400
VINS,6/2/2020,109,109,108,109,81,21,0
VINS-W,6/2/2020,3,4,3,4,48556,17515,0
VIVA,6/2/2020,50,50,50,50,6,4,0
VOKS,6/2/2020,260,264,250,256,40376,783,776
VRNA,6/2/2020,126,126,126,126,10,0,0
WAPO,6/2/2020,67,67,65,66,89,65,0
WEGE,6/2/2020,163,169,162,167,301611,-24114,-15260
WEHA,6/2/2020,109,114,103,112,11460,2044,-1
WICO,6/2/2020,625,625,625,625,0,0,0
WIIM,6/2/2020,132,136,128,134,68471,11146,1598
WIKA,6/2/2020,1085,1150,1085,1145,365260,-18352,-8779
WINS,6/2/2020,68,73,68,73,499,295,387
WOMF,6/2/2020,190,193,189,190,2810,55,0
WOOD,6/2/2020,336,362,336,354,637964,19875,50721
WOWS,6/2/2020,50,50,50,50,6214,-1910,0
WSBP,6/2/2020,156,158,151,157,413792,-78904,-14749
WSKT,6/2/2020,605,635,605,630,718156,-2481,93721
WTON,6/2/2020,232,238,228,236,87409,1593,1481
XAFA,6/2/2020,1024,1024,1024,1024,8,0,0
XAQA,6/2/2020,726,726,726,726,1,0,0
XASG,6/2/2020,84,84,80,84,808,94,0
XBES,6/2/2020,746,746,746,746,1,0,0
XBID,6/2/2020,422,422,422,422,1,0,0
XBIN,6/2/2020,406,406,406,406,1,0,0
XBLQ,6/2/2020,341,341,341,341,0,0,0
XBNI,6/2/2020,757,757,757,757,0,0,0
XBSK,6/2/2020,309,309,309,309,1,0,0
XCID,6/2/2020,88,88,83,88,14,-3,0
XCIS,6/2/2020,104,106,104,106,40,-39,0
XCLQ,6/2/2020,75,75,75,75,1499,0,0
XDIF,6/2/2020,347,347,347,347,0,0,0
XIHD,6/2/2020,375,384,375,380,324,-50,0
XIIC,6/2/2020,808,808,808,808,0,0,0
XIIF,6/2/2020,420,426,416,416,3,0,0
XIIT,6/2/2020,420,435,420,430,938,-24,0
XIJI,6/2/2020,540,540,540,540,2,-2,0
XIML,6/2/2020,214,214,214,214,4,1,0
XIPI,6/2/2020,138,138,138,138,0,0,0
XISB,6/2/2020,398,398,398,398,0,0,0
XISC,6/2/2020,472,476,472,476,20,0,0
XISI,6/2/2020,243,246,243,246,20,0,0
XISR,6/2/2020,305,309,305,309,25,2,0
XKIV,6/2/2020,313,313,313,313,1,0,0
XMIG,6/2/2020,129,129,129,129,0,0,0
XMJM,6/2/2020,1001,1001,1001,1001,0,0,0
XMTS,6/2/2020,371,371,371,371,0,0,0
XNVE,6/2/2020,98,99,98,99,22,0,0
XPCR,6/2/2020,715,715,715,715,1,0,0
XPDV,6/2/2020,340,340,340,340,0,0,0
XPES,6/2/2020,333,333,333,333,0,0,0
XPFT,6/2/2020,394,394,394,394,0,0,0
XPID,6/2/2020,410,410,410,410,0,0,0
XPLC,6/2/2020,352,352,352,352,0,0,0
XPLQ,6/2/2020,347,347,347,347,0,0,0
XPMI,6/2/2020,755,755,755,755,22,0,0
XPSG,6/2/2020,292,292,292,292,0,0,0
XPTD,6/2/2020,373,373,373,373,0,0,0
XSBC,6/2/2020,85,85,85,85,0,0,0
XSMU,6/2/2020,99,99,99,99,0,0,0
XSPI,6/2/2020,750,750,750,750,0,0,0
XSRI,6/2/2020,131,131,131,131,0,0,0
XSSI,6/2/2020,128,128,128,128,0,0,0
XSSK,6/2/2020,533,533,533,533,1,#N/A,#N/A
YELO,6/2/2020,50,50,50,50,1200,1005,0
YELO-W,6/2/2020,5,7,5,7,1073,704,0
YPAS,6/2/2020,600,600,600,600,1,0,0
YULE,6/2/2020,189,189,180,184,8,6,0
ZBRA,6/2/2020,50,50,50,50,0,0,0
ZINC,6/2/2020,140,145,138,143,910684,32721,-324
ZONE,6/2/2020,416,416,412,416,1060,-267,0
